<?xml version="1.0" encoding="UTF-8"?>
<project-private xmlns="http://www.netbeans.org/ns/project-private/1">
    <editor-bookmarks xmlns="http://www.netbeans.org/ns/editor-bookmarks/2" lastBookmarkId="0"/>
    <open-files xmlns="http://www.netbeans.org/ns/projectui-open-files/2">
        <group>
            <file>file:/C:/Users/solen/OneDrive/Documents/SVA-x92400-master/JavaApplication7%20final/src/vue/Connexion.java</file>
            <file>file:/C:/Users/solen/OneDrive/Documents/SVA-x92400-master/JavaApplication7%20final/src/vue/FenetreJP2.java</file>
            <file>file:/C:/Users/solen/OneDrive/Documents/SVA-x92400-master/JavaApplication7%20final/src/Modèle/Connexion.java</file>
            <file>file:/C:/Users/solen/OneDrive/Documents/SVA-x92400-master/JavaApplication7%20final/src/vue/FenetreJp.java</file>
        </group>
    </open-files>
</project-private>
